{
    "semantic_convergence": 0.6306026577949524,
    "mean_similarity": 0.6306026577949524,
    "std_similarity": 0.1408095508813858,
    "min_similarity": 0.5201544761657715,
    "max_similarity": 0.8293254971504211,
    "responses": 3,
    "matrix": [
        [
            1.0000003576278687,
            0.8293254971504211,
            0.5423279404640198
        ],
        [
            0.8293254971504211,
            1.0,
            0.5201544761657715
        ],
        [
            0.5423279404640198,
            0.5201544761657715,
            0.9999994039535522
        ]
    ]
}