{
    "semantic_convergence": 0.6241545081138611,
    "mean_similarity": 0.6241545081138611,
    "std_similarity": 0.03899569436907768,
    "min_similarity": 0.5855278372764587,
    "max_similarity": 0.6775556802749634,
    "responses": 3,
    "matrix": [
        [
            1.0,
            0.6093799471855164,
            0.6775556802749634
        ],
        [
            0.6093799471855164,
            1.000000238418579,
            0.5855278372764587
        ],
        [
            0.6775556802749634,
            0.5855278372764587,
            1.0000001192092896
        ]
    ]
}