{
    "semantic_convergence": 0.7270353436470032,
    "mean_similarity": 0.7270353436470032,
    "std_similarity": 0.0720880925655365,
    "min_similarity": 0.6536930799484253,
    "max_similarity": 0.8250312209129333,
    "responses": 3,
    "matrix": [
        [
            0.9999998807907104,
            0.8250312209129333,
            0.6536930799484253
        ],
        [
            0.8250312209129333,
            1.0000003576278687,
            0.7023817300796509
        ],
        [
            0.6536930799484253,
            0.7023817300796509,
            1.0
        ]
    ]
}